SWIT-ML_OCU_OcuInit,"T2MC-13981,T2MC-13982,T2MC-13987,T2MC-13988,T2MC-13989,T2MC-13990,T2MC-13991,T2MC-13992,T2MC-13993,T2MC-13994,T2MC-15031,T2MC-15138,T2MC-15564,T2MC-22845,T2MC-27849,T2MC-29273,T2MC-31105,T2MC-23201,T2MC-23200,T2MC-23207,T2MC-23295"
SWIT-ML_OCU_OcuInit,"T2MC-13987,T2MC-13988,T2MC-13989,T2MC-13990,T2MC-13991,T2MC-13992,T2MC-13993,T2MC-13994,T2MC-15138,T2MC-15564,T2MC-22845,T2MC-27849,T2MC-29273,T2MC-31105,T2MC-23201,T2MC-23200,T2MC-23207,T2MC-23295"
SWIT-ML_OCU_OcuInit,"T2MC-13987,T2MC-13988,T2MC-13989,T2MC-13990,T2MC-13991,T2MC-13992,T2MC-13993,T2MC-13994,T2MC-13996,T2MC-15138,T2MC-15564,T2MC-22845,T2MC-27849,T2MC-29273,T2MC-31105,T2MC-23201,T2MC-23200,T2MC-23207,T2MC-23295"
SWIT-ML_OCU_OcuInit,"T2MC-13987,T2MC-13988,T2MC-13989,T2MC-13990,T2MC-13991,T2MC-13992,T2MC-13993,T2MC-13994,T2MC-13996,T2MC-15138,T2MC-15564,T2MC-22845,T2MC-27849,T2MC-29273,T2MC-31105,T2MC-23201,T2MC-23200,T2MC-23207,T2MC-23295"
SWIT-ML_OCU_OcuInit,"T2MC-13987,T2MC-13988,T2MC-13989,T2MC-13990,T2MC-13991,T2MC-13992,T2MC-13993,T2MC-13994,T2MC-13996,T2MC-15138,T2MC-15564,T2MC-22845,T2MC-27849,T2MC-29273,T2MC-31105,T2MC-23201,T2MC-23200,T2MC-23207,T2MC-23295"
SWIT-ML_OCU_OcuInit,"T2MC-13987,T2MC-13988,T2MC-13989,T2MC-13990,T2MC-13991,T2MC-13992,T2MC-13993,T2MC-13994,T2MC-13996,T2MC-15138,T2MC-15564,T2MC-22845,T2MC-27849,T2MC-29273,T2MC-31105,T2MC-23201,T2MC-23200,T2MC-23207,T2MC-23295"
SWIT-ML_OCU_OcuInit,"T2MC-13987,T2MC-13988,T2MC-13989,T2MC-13990,T2MC-13991,T2MC-13992,T2MC-13993,T2MC-13994,T2MC-13996,T2MC-15138,T2MC-15564,T2MC-22845,T2MC-27849,T2MC-29273,T2MC-31105,T2MC-23201,T2MC-23200,T2MC-23207,T2MC-23295"
SWIT-ML_OCU_OcuInit,"T2MC-13987,T2MC-13988,T2MC-13989,T2MC-13990,T2MC-13991,T2MC-13992,T2MC-13993,T2MC-13994,T2MC-13996,T2MC-15138,T2MC-15564,T2MC-22845,T2MC-27849,T2MC-29273,T2MC-31105,T2MC-23201,T2MC-23200,T2MC-23207,T2MC-23295"
SWIT-ML_OCU_OcuInit,"T2MC-13987,T2MC-13988,T2MC-13989,T2MC-13990,T2MC-13991,T2MC-13992,T2MC-13993,T2MC-13994,T2MC-13996,T2MC-15138,T2MC-15564,T2MC-22845,T2MC-27849,T2MC-29273,T2MC-31105,T2MC-23201,T2MC-23200,T2MC-23207,T2MC-23295"
SWIT-ML_OCU_OcuInitAllChannel,"T2MC-13987,T2MC-13988,T2MC-13989,T2MC-13990,T2MC-13991,T2MC-13992,T2MC-13993,T2MC-13994,T2MC-13996,T2MC-15138,T2MC-15564,T2MC-22845,T2MC-27849,T2MC-29273,T2MC-31105,T2MC-23201,T2MC-23200,T2MC-23207,T2MC-23295"
SWIT-ML_OCU_OcuInit,"T2MC-13987,T2MC-13988,T2MC-13989,T2MC-13990,T2MC-13991,T2MC-13992,T2MC-13993,T2MC-13994,T2MC-13996,T2MC-15138,T2MC-15564,T2MC-22845,T2MC-27849,T2MC-29273,T2MC-31105,T2MC-23201,T2MC-23200,T2MC-23207,T2MC-23295"
SWIT-ML_OCU_OcuInitFailed,"T2MC-13957,T2MC-13961,T2MC-14096,T2MC-15530,T2MC-15539,T2MC-15547,T2MC-23386"
SWIT-ML_OCU_OcuInitFailed,"T2MC-14096,T2MC-15530,T2MC-15539,T2MC-15547,T2MC-23249"
SWIT-ML_OCU_OcuInitFailed,"T2MC-13957,T2MC-13961,T2MC-14096,T2MC-15530,T2MC-15539,T2MC-15547,T2MC-23386"
SWIT-ML_OCU_OcuInitFailed,"T2MC-14096,T2MC-15530,T2MC-15539,T2MC-15547,T2MC-23249"
SWIT-ML_OCU_OcuInitAlreadyInitialized,"T2MC-13957,T2MC-13961,T2MC-13995,T2MC-14096,T2MC-15530,T2MC-15539,T2MC-15547,T2MC-23386"
SWIT-ML_OCU_OcuInitAlreadyInitialized,"T2MC-13995,T2MC-14096,T2MC-15530,T2MC-15539,T2MC-15547,T2MC-23249"
